Workbook

Sheet Dashboard
A1: 펌웨어 성능 시험 기록표 | B1: COSMOKE H563 펌웨어 성능 시험 기록표 | C1: COSMOKE H563 펌웨어 성능 시험 기록표 | D1: COSMOKE H563 펌웨어 성능 시험 기록표 | E1: COSMOKE H563 펌웨어 성능 시험 기록표 | F1: COSMOKE H563 펌웨어 성능 시험 기록표 | G1: COSMOKE H563 펌웨어 성능 시험 기록표 | H1: COSMOKE H563 펌웨어 성능 시험 기록표 | I1: COSMOKE H563 펌웨어 성능 시험 기록표 | J1: COSMOKE H563 펌웨어 성능 시험 기록표
A3: 시험 결과는 'Test Log' 탭에 입력합니다. Dashboard의 판정과 합격률은 자동 계산됩니다.
A5: 시험 현황 | B5: 시험 현황 | C5: 시험 현황 | D5: 시험 현황 | E5: 시험 현황 | F5: 시험 현황 | G5: 시험 현황 | H5: 시험 현황 | I5: 시험 현황 | J5: 시험 현황
A6: 총 시험 항목 | B6: =COUNTIF('테스트 결과'!Q6:Q20,"PASS")+COUNTIF('테스트 결과'!Q6:Q20,"FAIL")+COUNTIF('테스트 결과'!Q6:Q20,"INPUT") -> 9 | D6: 카테고리별 결과 | E6: 카테고리별 결과 | F6: 카테고리별 결과 | G6: 카테고리별 결과 | H6: 카테고리별 결과 | I6: 카테고리별 결과 | J6: 카테고리별 결과
A7: PASS | B7: =COUNTIF('테스트 결과'!Q6:Q20,"PASS") -> 9 | D7: 카테고리 | E7: PASS | F7: FAIL | G7: 미입력/확인
A8: FAIL | B8: =COUNTIF('테스트 결과'!Q6:Q20,"FAIL") -> 0 | D8: 기능 | E8: =COUNTIFS('테스트 결과'!D6:D20,D8,'테스트 결과'!Q6:Q20,"PASS") -> 1 | F8: =COUNTIFS('테스트 결과'!D6:D20,D8,'테스트 결과'!Q6:Q20,"FAIL") -> 0 | G8: =COUNTIFS('테스트 결과'!D6:D20,D8,'테스트 결과'!Q6:Q20,"INPUT") -> 0
A9: 입력 대기 | B9: =COUNTIF('테스트 결과'!Q6:Q20,"INPUT") -> 0 | D9: 계측 정확도 | E9: =COUNTIFS('테스트 결과'!D7:D21,D9,'테스트 결과'!Q7:Q21,"PASS") -> 3 | F9: =COUNTIFS('테스트 결과'!D7:D21,D9,'테스트 결과'!Q7:Q21,"FAIL") -> 0 | G9: =COUNTIFS('테스트 결과'!D7:D21,D9,'테스트 결과'!Q7:Q21,"INPUT") -> 0
A10: 합격률 | B10: =IF(B6=0,0,B7/B6) -> 1 | D10: 시간 성능 | E10: =COUNTIFS('테스트 결과'!D8:D22,D10,'테스트 결과'!Q8:Q22,"PASS") -> 2 | F10: =COUNTIFS('테스트 결과'!D8:D22,D10,'테스트 결과'!Q8:Q22,"FAIL") -> 0 | G10: =COUNTIFS('테스트 결과'!D8:D22,D10,'테스트 결과'!Q8:Q22,"INPUT") -> 0
D11: 통신 | E11: =COUNTIFS('테스트 결과'!D9:D23,D11,'테스트 결과'!Q9:Q23,"PASS") -> 2 | F11: =COUNTIFS('테스트 결과'!D9:D23,D11,'테스트 결과'!Q9:Q23,"FAIL") -> 0 | G11: =COUNTIFS('테스트 결과'!D9:D23,D11,'테스트 결과'!Q9:Q23,"INPUT") -> 0
D12: 장시간 안정성 | E12: =COUNTIFS('테스트 결과'!D10:D24,D12,'테스트 결과'!Q10:Q24,"PASS") -> 1 | F12: =COUNTIFS('테스트 결과'!D10:D24,D12,'테스트 결과'!Q10:Q24,"FAIL") -> 0 | G12: =COUNTIFS('테스트 결과'!D10:D24,D12,'테스트 결과'!Q10:Q24,"INPUT") -> 0

Sheet 테스트 계획
A1: 펌웨어 성능 시험 계획 | B1: 펌웨어 성능 시험 계획 | C1: 펌웨어 성능 시험 계획 | D1: 펌웨어 성능 시험 계획 | E1: 펌웨어 성능 시험 계획 | F1: 펌웨어 성능 시험 계획 | G1: 펌웨어 성능 시험 계획 | H1: 펌웨어 성능 시험 계획 | I1: 펌웨어 성능 시험 계획 | J1: 펌웨어 성능 시험 계획
A3: 목표값은 프로젝트 요구사항에 맞게 승인 후 수정하십시오. Test Log에 동일한 ID로 실제 결과를 기록합니다.
A5: ID | B5: 카테고리 | C5: 시험 항목 | D5: 측정 지표 | E5: 단위 | F5: 권장 기준 | G5: 비교 | H5: 방법/장비 | I5: 우선순위 | J5: 비고
A6: F-01 | B6: 기능 | C6: 부팅 상태 전이 | D6: WARMUP→ACTIVE | E6: s | F6: 3 | G6: 최대 | H6: UART/UDP 로그, 스톱워치 | I6: P0 | J6: GUI 첫 VALID 텔레메트리 기준 3초 이내
A7: A-01 | B7: 계측 정확도 | C7: 영점 오차 | D7: 0 입력 오차 | E7: %FS | F7: 0.2 | G7: 최대 | H7: 정밀 DMM/캘리브레이터 | I7: P0 | J7: 채널별 기록
A8: A-02 | B8: 계측 정확도 | C8: gain 오차 | D8: 100% span 오차 | E8: %FS | F8: 0.5 | G8: 최대 | H8: 정밀 전압·전류원 | I8: P0 | J8: 보정 전/후 비교
A9: A-03 | B9: 계측 정확도 | C9: 선형성 | D9: 0/50/100% 최대 편차 | E9: %FS | F9: 1 | G9: 최대 | H9: 정밀 전압·전류원 | I9: P1 | J9: 다점 결과 첨부
A10: A-04 | B10: 계측 정확도 | C10: 입력 노이즈 | D10: RMS noise | E10: mV/mA | F10: 50 | G10: 최대 | H10: 고정 입력 10분 로그 | I10: P1 | J10: 필터 설정 기록
A11: T-01 | B11: 시간 성능 | C11: ADC 수집률 | D11: 실제 sample rate | E11: Hz | F11: 1980 | G11: 최소 | H11: logic analyzer / timestamp | I11: P0 | J11: 명목 2 kSPS; 합격 기준은 1,980 Hz 이상 (±1%)
A12: T-02 | B12: 시간 성능 | C12: DMA/링버퍼 | D12: dropped frames | E12: count | F12: 0 | G12: 일치 | H12: telemetry counter | I12: P0 | J12: 10분 부하 시험
A14: N-01 | B14: 통신 | C14: UDP 전송률 | D14: 송신 주기 | E14: ms | F14: 100 | G14: 일치 | H14: PC timestamp log | I14: P1 | J14: 명목 100 ms; 합격 범위는 평균 95–105 ms
A15: N-02 | B15: 통신 | C15: UDP 손실 | D15: sequence gap rate | E15: % | F15: 0.1 | G15: 최대 | H15: PC monitor | I15: P1 | J15: 동일 LAN 기준
A16: L-01 | B16: 장시간 안정성 | C16: 양 채널 부하 안정성 | D16: 연속 운전 | E16: min | F16: 25 | G16: 최소 | H16: PC CSV / 대시보드 | I16: P1 | J16: CH1+CH2 11 V / 5 A, 27.7분 검증; 다시간 soak은 범위 제외

Sheet 테스트 결과
A1: 성능 시험 결과 기록 | B1: 성능 시험 결과 기록 | C1: 성능 시험 결과 기록 | D1: 성능 시험 결과 기록 | E1: 성능 시험 결과 기록 | F1: 성능 시험 결과 기록 | G1: 성능 시험 결과 기록 | H1: 성능 시험 결과 기록 | I1: 성능 시험 결과 기록 | J1: 성능 시험 결과 기록 | K1: 성능 시험 결과 기록 | L1: 성능 시험 결과 기록 | M1: 성능 시험 결과 기록 | N1: 성능 시험 결과 기록 | O1: 성능 시험 결과 기록 | P1: 성능 시험 결과 기록 | Q1: 성능 시험 결과 기록 | R1: 성능 시험 결과 기록 | S1: 성능 시험 결과 기록 | T1: 성능 시험 결과 기록 | U1: 성능 시험 결과 기록
A3: 연한 파란색 열은 입력 영역입니다. Result는 Target/비교/측정값으로 자동 판정되며, 증빙 파일·로그 경로를 함께 남깁니다.
A5: ID | B5: 시험일 | C5: FW 버전/commit | D5: 카테고리 | E5: 시험 항목 | F5: 측정 지표 | G5: 단위 | H5: 목표값 | I5: 비교 | J5: 측정값 | K5: 최소 | L5: 최대 | M5: 평균 | N5: 표준편차 | O5: 샘플 수 | P5: 환경/조건 | Q5: Result | R5: 실행 상태 | S5: 담당자 | T5: 비고 | U5: 증빙 경로
A6: F-01 | B6: 46254 | C6: 4b7b1d3 | D6: 기능 | E6: 부팅 상태 전이 | F6: WARMUP→ACTIVE | G6: s | H6: 3 | I6: 최대 | J6: 2.312 | M6: 2.312 | O6: 1 | P6: Reset 후 GUI 첫 VALID 텔레메트리 | Q6: =IF(OR(H6="",I6="",J6=""),"INPUT",IF(I6="최대",IF(J6<=H6,"PASS","FAIL"),IF(I6="최소",IF(J6>=H6,"PASS","FAIL"),IF(I6="일치",IF(J6=H6,"PASS","FAIL"),"CHECK")))) -> PASS | R6: 통과 | S6: 지명환 | T6: 반복 부팅 관찰상 GUI 첫 정상 데이터가 보드 시간 약 2–3초. 대표 CSV 첫 VALID 2.312초. | U6: logs/cosmoke_capture_20260820_091833_148511.csv
A7: A-01 | B7: 46254 | C7: 4b7b1d3 | D7: 계측 정확도 | E7: CH1·CH2 영점 | F7: 0 입력 최대 오차 | G7: %FS | H7: 0.2 | I7: 최대 | J7: 0.041553 | K7: 0.004694 | L7: 0.041553 | M7: 0.023963 | N7: 0.015 | O7: 3001 | P7: 0 V / 0 A; CH1+CH2; final 5 min | Q7: =IF(OR(H7="",I7="",J7=""),"INPUT",IF(I7="최대",IF(J7<=H7,"PASS","FAIL"),IF(I7="최소",IF(J7>=H7,"PASS","FAIL"),IF(I7="일치",IF(J7=H7,"PASS","FAIL"),"CHECK")))) -> PASS | R7: 통과 | S7: 지명환 | T7: CH1 I +12.466 mA, V -11.734 mV; CH2 I +11.331 mA, V +29.593 mV. OFFSET_UNITS 적용. | U7: logs/cosmoke_capture_20260820_091833_148511.csv
A8: A-02 | B8: 46254 | C8: 4b7b1d3 (pre-gain) | D8: 계측 정확도 | E8: CH1·CH2 gain | F8: 100% span 최대 오차 | G8: %FS | H8: 0.5 | I8: 최대 | J8: 10.4435 | K8: 3.3202 | L8: 10.4435 | M8: 7.3837 | N8: 3.195 | O8: 16577 | P8: 11 V / 5 A; CH1+CH2; user-induced input interruption excluded | Q8: ="FIELD" -> FIELD | R8: 현장 검증 이관 | S8: 지명환 | T8: 벤치 합격 판정에서는 제외. 보정 전 데이터와 SCALE_TRIM 적용 이력은 보존하며 실제 운용 환경에서 검증. | U8: logs/cosmoke_capture_20260820_094031_980220.csv
A9: A-03 | B9: 46254 | C9: f9ceb9a | D9: 계측 정확도 | E9: CH1·CH2 선형성 | F9: 0/50/100% 최대 편차 | G9: %FS | H9: 1 | I9: 최대 | J9: 0.2803 | K9: 0.0098 | L9: 0.2803 | M9: 0.14135 | N9: 0.1275 | O9: 3 | P9: CH1+CH2; CSV 구간 0 V / 약 5 V / 약 10 V | Q9: =IF(OR(H9="",I9="",J9=""),"INPUT",IF(I9="최대",IF(J9<=H9,"PASS","FAIL"),IF(I9="최소",IF(J9>=H9,"PASS","FAIL"),IF(I9="일치",IF(J9=H9,"PASS","FAIL"),"CHECK")))) -> PASS | R9: 통과 | S9: 지명환 | T9: 50% 점 편차: I1 0.2803%, V1 0.0184%, I2 0.2569%, V2 0.0098%FS. 절대 게인은 현장 검증 이관. | U9: logs/cosmoke_capture_20260820_103337_769201.csv
A10: A-04 | B10: 46254 | C10: 4b7b1d3 | D10: 계측 정확도 | E10: CH1·CH2 입력 노이즈 | F10: RMS noise | G10: mV/mA | H10: 50 | I10: 최대 | J10: 18.206 | K10: 0.209 | L10: 18.206 | M10: 7.988 | N10: 7.492 | O10: 3001 | P10: 11 V / 5 A; CH1+CH2; final stable 5 min | Q10: =IF(OR(H10="",I10="",J10=""),"INPUT",IF(I10="최대",IF(J10<=H10,"PASS","FAIL"),IF(I10="최소",IF(J10>=H10,"PASS","FAIL"),IF(I10="일치",IF(J10=H10,"PASS","FAIL"),"CHECK")))) -> PASS | R10: 통과 | S10: 지명환 | T10: RMS: I1 0.209 mA, V1 13.141 mV, I2 0.397 mA, V2 18.206 mV (최대값 판정). | U10: logs/cosmoke_capture_20260820_094031_980220.csv
A11: T-01 | B11: 46254 | C11: 4b7b1d3 | D11: 시간 성능 | E11: ADC 수집률 | F11: 실제 sample rate | G11: Hz | H11: 1980 | I11: 최소 | J11: 1999.931 | M11: 1999.931 | O11: 16621 | P11: 11 V / 5 A; CH1+CH2; 27.7 min, pre-gain trim | Q11: =IF(J11>=H11,"PASS","FAIL") -> PASS | R11: 통과 | S11: 지명환 | T11: PC/보드 시간 1:1, ADC 1,999.931 Hz | U11: logs/cosmoke_capture_20260820_094031_980220.csv
A12: T-02 | B12: 46254 | C12: 4b7b1d3 | D12: 시간 성능 | E12: DMA/링버퍼 | F12: dropped frames | G12: count | H12: 0 | I12: 일치 | J12: 0 | K12: 0 | L12: 0 | M12: 0 | N12: 0 | O12: 16621 | P12: 11 V / 5 A; CH1+CH2; 27.7 min, pre-gain trim | Q12: =IF(J12=0,"PASS","FAIL") -> PASS | R12: 통과 | S12: 지명환 | T12: 27.7 min 동안 모든 드롭 원인 0 | U12: logs/cosmoke_capture_20260820_094031_980220.csv
A14: N-01 | B14: 46254 | C14: 4b7b1d3 | D14: 통신 | E14: UDP 전송률 | F14: 송신 주기 | G14: ms | H14: 100 | I14: 일치 | J14: 99.999 | K14: 0 | L14: 218 | M14: 99.999 | N14: 1.264 | O14: 16620 | P14: 11 V / 5 A; CH1+CH2; 27.7 min, pre-gain trim | Q14: =IF(AND(J14>=95,J14<=105),"PASS","FAIL") -> PASS | R14: 통과 | S14: 지명환 | T14: 평균 99.999 ms; PC 수신 타임스탬프 최대 gap 218 ms | U14: logs/cosmoke_capture_20260820_094031_980220.csv
A15: N-02 | B15: 46254 | C15: 4b7b1d3 | D15: 통신 | E15: UDP 손실 | F15: sequence gap rate | G15: % | H15: 0.1 | I15: 최대 | J15: 0 | K15: 0 | L15: 0 | M15: 0 | N15: 0 | O15: 16620 | P15: 11 V / 5 A; CH1+CH2; 27.7 min, pre-gain trim | Q15: =IF(J15<=H15,"PASS","FAIL") -> PASS | R15: 통과 | S15: 지명환 | T15: ADC sequence 간격 최대 201 (정상 200)으로 UDP 손실 0%. PC 수신 gap 218 ms 1회는 호스트 지연으로 분리. | U15: logs/cosmoke_capture_20260820_094031_980220.csv
A16: L-01 | B16: 46254 | C16: 4b7b1d3 | D16: 장시간 안정성 | E16: 양 채널 부하 안정성 | F16: 연속 운전 | G16: min | H16: 25 | I16: 최소 | J16: 27.7 | K16: 27.7 | L16: 27.7 | M16: 27.7 | O16: 16621 | P16: CH1+CH2 11 V / 5 A; 27.7 min; pre-gain trim | Q16: =IF(J16>=H16,"PASS","FAIL") -> PASS | R16: 통과 | S16: 지명환 | T16: 27.7분 동안 ADC 1,999.931 Hz, dropped/CRC/SPI/DAC 오류 0, UDP sequence loss 0%. | U16: logs/cosmoke_capture_20260820_094031_980220.csv

Sheet Tuning Profiles
A1: 성능 튜닝 프로파일 | B1: 성능 튜닝 프로파일 | C1: 성능 튜닝 프로파일 | D1: 성능 튜닝 프로파일 | E1: 성능 튜닝 프로파일 | F1: 성능 튜닝 프로파일 | G1: 성능 튜닝 프로파일 | H1: 성능 튜닝 프로파일
A3: 설정 변경은 한 번에 하나씩 시험하고, 결과는 Test Log에 연결해 근거를 남기십시오. Current 값은 현재 펌웨어 설정 기준입니다.
A5: 설정 | B5: 현재값 | C5: Debug 제안 | D5: Bench 제안 | E5: Production 제안 | F5: 단위 | G5: 영향 | H5: 검증 지표
A6: APP_CHx_FILTER_ALPHA | B6: 0.05 | C6: 0.1 | D6: 0.05 | E6: 0.02 | F6: ratio | G6: 값이 작을수록 노이즈 감소·응답 지연 증가 | H6: RMS noise / DAC settling
A7: APP_DAC_UPDATE_PERIOD_MS | B7: 10 | C7: 5 | D7: 10 | E7: 10 | F7: ms | G7: 작을수록 DAC 응답 향상·SPI 부하 증가 | H7: dropped frames / response time
A8: APP_TELEMETRY_PERIOD_MS | B8: 100 | C8: 20 | D8: 50 | E8: 100 | F8: ms | G8: 작을수록 관측성 향상·LAN/UART 부하 증가 | H8: UDP loss / jitter
A9: APP_ADC_RING_CAPACITY | B9: 256 | C9: 256 | D9: 128 | E9: 128 | F9: frames | G9: 증가 시 task 지연 흡수·RAM 사용 증가 | H9: dropped frames / RAM
A10: APP_ADC_NO_PROGRESS_TIMEOUT_MS | B10: 500 | C10: 500 | D10: 500 | E10: 500 | F10: ms | G10: 작을수록 빠른 fault 감지·false recovery 위험 | H10: fault transition time
A11: APP_ADC_MAX_CONSECUTIVE_CRC_ERRORS | B11: 16 | C11: 8 | D11: 16 | E11: 16 | F11: count | G11: 작을수록 빠른 CRC fault 감지 | H11: noise fault injection
A12: APP_WARMUP_TIMEOUT_MS | B12: 2000 | C12: 3000 | D12: 2000 | E12: 2000 | F12: ms | G12: 초기 안정화 여유와 startup time tradeoff | H12: WARMUP→ACTIVE time

Sheet Test Procedures
A1: 시험 절차 및 기록 방법
A3: 각 시험은 Test Log의 동일 ID에 기록합니다. CSV 캡처 파일명·보드 식별·펌웨어 commit·측정 장비·온도/전원 조건을 함께 남겨야 재현 가능합니다.
A5: 공통 준비 및 안전
A6: 1 | B6: 보드 전원·Ethernet·PC IP를 확인하고, 실부하 대신 더미 부하 또는 안전한 계측 환경부터 사용합니다.
A7: 2 | B7: 대시보드에서 WARMUP → ACTIVE/OK 전이를 확인합니다. 오류 플래그가 있으면 원인을 해결한 뒤 시험을 시작합니다.
A8: 3 | B8: 대시보드의 CSV 저장 시작을 눌러 시험별 파일을 만듭니다. 예: 20260819_R01_SPI_fault_board01.csv
A9: 4 | B9: 시험 종료 후 CSV 저장 종료를 누르고, Test Log의 측정값·최소·최대·평균·표준편차·증빙 경로를 작성합니다.
A11: ID | B11: 시험 | C11: 사전 준비/장비 | D11: 절차 | E11: 기록값·CSV 확인 | F11: 판정 기준 | G11: 안전·주의 | H11: Test Log 작성
A12: F-01 | B12: 부팅 상태 전이 | C12: UART/UDP 로그, 스톱워치 | D12: 전원을 3회 재인가합니다. 매 회 WARMUP 표시부터 ACTIVE/OK까지 시간을 측정합니다. | E12: CSV의 received_at·device_ms, 첫 ACTIVE 프레임 | F12: 3 s 이내 | G12: 실부하 연결 전 수행 | H12: 측정값=최대 전이 시간, 샘플 수=3
A13: A-01 | B13: 영점 오차 | C13: 정밀 DMM, 입력 단락/0 기준 | D13: 채널별 0 입력을 5분 이상 유지하고 안정화 후 100프레임 이상을 분석합니다. | E13: 채널별 평균·최대 절대 오차, CSV 경로 | F13: 0.2 %FS 이하 | G13: 입력 단락 조건과 필터 설정을 기록 | H13: 측정값=최대 절대 오차
A14: A-02 | B14: 절대 gain 확인 | C14: 정밀 전압/전류원, DMM | D14: 0/50/100 %FS 기준점을 순서대로 인가하고 각 점에서 30초 이상 기록합니다. | E14: 기준값·표시 평균·오차(%FS), 보정 전/후 CSV | F14: 0.5 %FS 이하 | G14: 현장 계측 환경에서 최종 검증 | H14: Result=FIELD로 이관 기록
A15: A-03 | B15: 선형성 | C15: 정밀 전압/전류원 | D15: 0/50/100 %FS를 상승·하강 방향으로 인가합니다. | E15: 각 점 평균값과 직선 대비 최대 편차 | F15: 1.0 %FS 이하 | G15: 히스테리시스는 비고에 별도 기록 | H15: 측정값=최대 편차
A16: A-04 | B16: 입력 노이즈 | C16: 차폐 입력/고정 기준원, CSV | D16: 고정 입력에서 5분 이상 캡처합니다. 필요 시 필터 alpha를 한 값씩만 변경해 비교합니다. | E16: RMS·표준편차·peak-to-peak, CSV sequence gap | F16: 50 mV/mA 이하 | G16: 전원·접지·케이블 상태 기록 | H16: 측정값=RMS 또는 표준편차
A17: T-01 | B17: ADC 수집률 | C17: PC CSV 또는 logic analyzer | D17: 정상 입력에서 1분 이상 캡처하고 sequence/device_ms로 실제 수집률을 계산합니다. | E17: 프레임 수·경과시간·dropped·CRC/SPI 오류 | F17: 1,980 Hz 이상 | G17: 텔레메트리는 100 ms이므로 ADC 윗값은 별도 계산 | H17: 측정값=실제 sample rate
A18: T-02 | B18: DMA/링버퍼 | C18: 대시보드 CSV, 부하 조건 | D18: CPU·네트워크 부하를 단계적으로 올려 10분 이상 실행합니다. | E18: dropped counter, sequence gap, CRC/SPI 오류 | F18: dropped=0 | G18: 한 번에 하나의 부하만 변경 | H18: 측정값=dropped frames
A19: N-01 | B19: UDP 전송률 | C19: PC CSV 캡처 | D19: 1분 이상 캡처한 뒤 received_at 인접 행 차이를 계산합니다. | E19: 평균 주기·최대 jitter·수신 frame 수 | F19: 평균 95–105 ms | G19: PC 순간 부하는 비고에 기록 | H19: 측정값=평균 송신 주기
A20: N-02 | B20: UDP 손실 | C20: PC CSV 캡처, 동일 LAN | D20: 10분 이상 캡처하고 sequence 누락과 모니터 종료 요약을 확인합니다. | E20: estimated_udp_loss ÷ frames × 100, reset 구간 | F20: 0.1 % 이하 | G20: Wi-Fi 대신 유선·동일 VLAN 권장 | H20: 측정값=sequence gap rate
A21: L-01 | B21: 양 채널 부하 안정성 | C21: PC CSV, Keysight E36233A | D21: 양 채널에 11 V / 5 A를 인가하고 25분 이상 연속 캡처합니다. | E21: 운전 시간·ADC rate·dropped·CRC/SPI/DAC·UDP loss | F21: 25 min 이상, 오류 0 | G21: 다시간 soak·고의 fault 주입은 본 범위에서 제외 | H21: 측정값=연속 운전 시간

Sheet 테스트 기록
A1: CSV 캡처 이력 및 분석 결과
A3: 모든 원본 CSV는 logs/에 보관합니다. PASS는 해당 캡처의 범위에서만 유효하며, 장시간·교정 시험은 별도 시험으로 확정합니다.
A5: CSV 파일 | B5: 시험 목적 | C5: FW commit | D5: 부팅 구간 | E5: 프레임 | F5: PC 시간 (s) | G5: 보드 시간 (s) | H5: 시간비 | I5: ADC rate (Hz) | J5: UDP 평균 (ms) | K5: UDP 범위 (ms) | L5: 드랍 최대 | M5: 오류 | N5: 입력/조건 | O5: 판정 | P5: 분석 메모
A6: cosmoke_capture_20260820_082036_681100.csv | B6: 초기 ADC 안정성 기준선 | C6: pre-c1000cd | D6: 1 | E6: 366 | F6: 49.573 | G6: 38.535 | H6: 0.777 | I6: 4000 | J6: 135.816 | K6: 101–167 | L6: 214883 | M6: CRC/SPI/DAC=0 | N6: CH1, 11 V / 5 A | O6: FAIL | P6: DMA-busy 드랍이 완료 프레임과 거의 1:1로 증가; 개선 전 기준선
A7: cosmoke_capture_20260820_084802_667740.csv | B7: 11 V 입력 ON/OFF 3회 | C7: c1000cd | D7: 1 | E7: 448 | F7: 102.878 | G7: 45.145 | H7: 0.439 | I7: 2000 | J7: 230.15 | K7: 229–242 | L7: 0 | M7: CRC/SPI/DAC=0 | N7: CH1, 11 V / 5 A | O7: PASS (입력 응답) | P7: ON 안정: 약 4.92–4.94 A / 10.951 V; OFF 안정: 약 12.6 mA / -21 mV. 시간축 수정 전
A8: cosmoke_capture_20260820_085948_533730.csv | B8: TIM6 우선순위 수정 검증 | C8: 0062af0 | D8: 4 | E8: 494 | F8: 74.591 | I8: 2000 | J8: 100 | K8: 100 | L8: 39965 | M8: 초기 1회 DMA drop | N8: Reset 반복 | O8: MIXED | P8: 첫 부팅은 기존 드랍 이력 포함. 뒤 3회 부팅은 시간 1:1 및 드랍 0
A9: cosmoke_capture_20260820_090258_671647.csv | B9: 최종 시간축·ADC·UDP 확인 | C9: 0062af0 | D9: 2 (최종 2번째) | E9: 508 | F9: 50.701 | G9: 50.699 | H9: 1 | I9: 1999.882 | J9: 100.002 | K9: 98–102 | L9: 0 | M9: CRC/SPI/DAC=0 | N9: 11 V input; ST-LINK MCO; 2 kSPS / SPI 5.33 MHz / ring 256 | O9: PASS (예비) | P9: 50.7 s 동안 10.0 Hz, 시간축 1:1, 모든 드랍 원인 0
A10: cosmoke_capture_20260820_091833_148511.csv | B10: CH1·CH2 0 입력 오프셋 | C10: 4b7b1d3 | D10: 1 | E10: 4551 | F10: 454.995 | G10: 455 | H10: 1 | I10: 2000 | J10: 100 | K10: 100 | L10: 0 | M10: CRC/SPI/DAC=0 | N10: 0 V / 0 A; final 5 min = 3,001 frames | O10: PASS | P10: 보정 전 평균: I1 +12.466 mA, V1 -11.734 mV, I2 +11.331 mA, V2 +29.593 mV; OFFSET_UNITS 적용
A11: 현재 검증된 펌웨어 프로파일
A12: 설정 | B12: 현재값 | C12: 근거 | D12: 상태
A13: ADC sample rate | B13: 2,000 Hz | C13: 최종 CSV: 1,999.882 Hz | D13: 검증됨
A14: SPI1 clock | B14: 5.33 MHz | C14: ADC DMA 전송 여유 확보 | D14: 검증됨
A15: TIM6 priority | B15: 1 | C15: PC/보드 시간 1:1 | D15: 검증됨
A17: 적용한 영점 보정값 (2026-08-20, 마지막 5분 평균)
A18: 채널 | B18: 측정 평균 | C18: 단위 | D18: 펌웨어 매크로 | E18: 적용 OFFSET_UNITS | F18: CSV
A19: CH1 Current | B19: 12.466 | C19: mA | D19: APP_CH0_OFFSET_UNITS | E19: -0.012466 | F19: 091833_148511
A20: CH1 Voltage | B20: -11.734 | C20: mV | D20: APP_CH1_OFFSET_UNITS | E20: 0.011734 | F20: 091833_148511
A21: CH2 Current | B21: 11.331 | C21: mA | D21: APP_CH2_OFFSET_UNITS | E21: -0.011331 | F21: 091833_148511
A22: CH2 Voltage | B22: 29.593 | C22: mV | D22: APP_CH3_OFFSET_UNITS | E22: -0.029593 | F22: 091833_148511
A24: 추가 캡처: 양 채널 11 V / 5 A 장시간 부하 시험
A25: CSV 파일 | B25: 시험 목적 | C25: FW commit | D25: 부팅 구간 | E25: 프레임 | F25: PC 시간 (s) | G25: 보드 시간 (s) | H25: 시간비 | I25: ADC rate (Hz) | J25: UDP 평균 (ms) | K25: UDP 범위 (ms) | L25: 드랍 최대 | M25: 오류 | N25: 입력/조건 | O25: 판정 | P25: 분석 메모
A26: cosmoke_capture_20260820_094031_980220.csv | B26: 양 채널 11 V / 5 A 27.7분 | C26: 4b7b1d3 (pre-gain) | D26: 1 | E26: 16621 | F26: 1661.982 | G26: 1662 | H26: 1 | I26: 1999.931 | J26: 99.999 | K26: 0–218 | L26: 0 | M26: CRC/SPI/DAC=0 | N26: CH1+CH2 11 V / 5 A | O26: PASS (안정성) | P26: 0 입력 구간 44프레임 제외. 게인 오차: I1 +5.97%, V1 +9.80%, I2 +3.32%, V2 +10.44%; SCALE_TRIM 적용 후 재시험 필요
A28: 추가 캡처: 3점 상대 선형성 시험
A29: CSV 파일 | B29: 시험 목적 | C29: FW commit | D29: 부팅 구간 | E29: 프레임 | F29: PC 시간 (s) | G29: 보드 시간 (s) | H29: 시간비 | I29: ADC rate (Hz) | J29: UDP 평균 (ms) | K29: UDP 범위 (ms) | L29: 드랍 최대 | M29: 오류 | N29: 입력/조건 | O29: 판정 | P29: 분석 메모
A30: cosmoke_capture_20260820_103337_769201.csv | B30: CH1·CH2 3점 상대 선형성 | C30: f9ceb9a | D30: 1 | E30: 3135 | F30: 313.399 | G30: 313.4 | H30: 1 | I30: 2000 | J30: 100 | K30: 99–101 | L30: 0 | M30: CRC/SPI/DAC=0 | N30: 0 V / 약 5 V / 약 10 V | O30: PASS (상대 선형성) | P30: 50%FS 최대 편차 0.2803% (기준 1%). 절대 전압·전류 기준값은 현장 검증 이관.
A32: 열화상 참고 관찰: 양 채널 11 V / 5 A 부하 시험 말기
A33: 증빙 이미지 | B33: 시험 조건 | C33: 표시 최대 (°C) | D33: 중앙 측정점 (°C) | E33: 표시 하한/주변 (°C) | F33: 카메라 설정 | G33: 판정 / 해석
A34: 발열1.jpg | B34: CH1+CH2 11 V / 5 A, 시험 말기 | C34: 41 | D34: 33.5 | E34: 26.9 | F34: Emissivity 0.95 | G34: 국부 최고점 41.0°C 관찰; 부품 위치 미확정
A35: 발열2.jpg | B35: CH1+CH2 11 V / 5 A, 시험 말기 | C35: 42.9 | D35: 37.6 | E35: 28.6 | F35: Emissivity 0.95 | G35: 국부 최고점 42.9°C 관찰; 과열 징후 없음
A36: 발열3.jpg | B36: CH1+CH2 11 V / 5 A, 시험 말기 | C36: 42.9 | D36: 34.2 | E36: 27.6 | F36: Emissivity 0.95 | G36: 국부 최고점 42.9°C 관찰; 정격 판정용이 아닌 참고 자료
